"slug","title","category","publication_date","file_path"
"autel-mk900-bmw-compatibility","Autel MK900 BMW Compatibility: What Autel Documents, and What You Must Confirm","BMW Diagnostics","2026-09-25T12:00:00+05:00","src/content/articles/autel-mk900-bmw-compatibility.md"
"autel-scanner-for-bmw","Which Autel Scanner for BMW? Build a Model-and-Function Matrix","Comparisons","2026-09-02T12:00:00+05:00","src/content/articles/autel-scanner-for-bmw.md"
"autophix-7910-vs-foxwell-nt530","AUTOPHIX 7910 vs Foxwell NT530: Which BMW Scanner Fits?","Comparisons","2026-09-01T12:00:00+05:00","src/content/articles/autophix-7910-vs-foxwell-nt530.md"
"bimmercode-pricing","BimmerCode Pricing: Full Version, Platform, and Adapter Cost","Buying Guides","2026-08-28T12:00:00+05:00","src/content/articles/bimmercode-pricing.md"
"bimmercode-vs-carly","BimmerCode vs Carly: Which BMW/MINI Tool Fits Your Use Case?","Comparisons","2026-08-23","src/content/articles/bimmercode-vs-carly.md"
"bimmercode-vs-foxwell-nt530","BimmerCode vs Foxwell NT530: Coding App or Diagnostic Handheld?","Comparisons","2026-08-30T12:00:00+05:00","src/content/articles/bimmercode-vs-foxwell-nt530.md"
"bimmercode-vs-protool","BimmerCode vs ProTool: Coding App or BMW Toolset?","Comparisons","2026-08-29T12:00:00+05:00","src/content/articles/bimmercode-vs-protool.md"
"bimmerlink-adapter","BimmerLink Adapter Guide: Choose by Car, Phone, and Function","Buying Guides","2026-08-26T12:00:00+05:00","src/content/articles/bimmerlink-adapter.md"
"bimmerlink-pricing","BimmerLink Pricing: App, Add-On and Adapter Costs","Buying Guides","2026-08-30T12:00:00+05:00","src/content/articles/bimmerlink-pricing.md"
"bimmerlink-vs-bimmer-tool","BimmerLink vs bimmer-tool: Choose by Platform, Engine, and Service Job","BMW Diagnostics","2026-09-17T12:00:00+05:00","src/content/articles/bimmerlink-vs-bimmer-tool.md"
"bimmerlink-vs-carly","BimmerLink vs Carly: Which BMW Tool Fits Your Actual Job?","Comparisons","2026-09-02T12:00:00+05:00","src/content/articles/bimmerlink-vs-carly.md"
"bimmerlink-vs-foxwell-nt530","BimmerLink vs Foxwell NT530: Phone App or BMW Handheld?","Comparisons","2026-08-30T12:00:00+05:00","src/content/articles/bimmerlink-vs-foxwell-nt530.md"
"bimmerlink-vs-protool","BimmerLink vs ProTool: Focused Diagnostics or Full Toolset?","Comparisons","2026-08-29T12:00:00+05:00","src/content/articles/bimmerlink-vs-protool.md"
"bmw-battery-drain-diagnostic-tool","BMW Battery Drain Diagnostic Tool: Build the Evidence Before Pulling Fuses","BMW Diagnostics","2026-09-09T12:00:00+05:00","src/content/articles/bmw-battery-drain-diagnostic-tool.md"
"bmw-battery-registration-scanner","BMW Battery Registration Scanner: Choose the Right Tool Before You Buy","Buying Guides","2026-08-23T12:00:00+05:00","src/content/articles/bmw-battery-registration-scanner.md"
"bmw-bidirectional-scan-tool-functions","BMW Bidirectional Scan Tools: Buy the Function, Not the Label","Buying Guides","2026-09-02T12:00:00+05:00","src/content/articles/bmw-bidirectional-scan-tool-functions.md"
"bmw-brake-bleed-scan-tool","BMW Brake Bleed Scan Tool: Hydraulic Bleeding vs ABS Service Functions","BMW Diagnostics","2026-09-07T12:00:00+05:00","src/content/articles/bmw-brake-bleed-scan-tool.md"
"bmw-code-reader-vs-scan-tool","BMW Code Reader vs Scan Tool: What Each Level Can Actually Do","Buying Guides","2026-08-25T12:00:00+05:00","src/content/articles/bmw-code-reader-vs-scan-tool.md"
"bmw-coding-vs-programming","BMW Coding vs Programming: What Changes, Which Tool Fits, and When to Stop","BMW Diagnostics","2026-09-06T12:00:00+05:00","src/content/articles/bmw-coding-vs-programming.md"
"bmw-diagnostic-software-windows","BMW Diagnostic Software for Windows 10 and 11: Choose the Stack, Not a Download Bundle","BMW Diagnostics","2026-09-06T12:00:00+05:00","src/content/articles/bmw-diagnostic-software-windows.md"
"bmw-dpf-regeneration-scan-tool","BMW DPF Regeneration Scan Tool: Verify Preconditions Before the Function","BMW Diagnostics","2026-09-17T12:00:00+05:00","src/content/articles/bmw-dpf-regeneration-scan-tool.md"
"bmw-electric-parking-brake-service-mode-scanner","BMW Electric Parking Brake Service Mode Scanner: Identify the Brake System First","BMW Diagnostics","2026-09-10T12:00:00+05:00","src/content/articles/bmw-electric-parking-brake-service-mode-scanner.md"
"bmw-electronic-water-pump-diagnostic-tool","BMW Electronic Water-Pump Diagnostic Tool: Test the Command Path Before Replacing Parts","BMW Diagnostics","2026-09-11T12:00:00+05:00","src/content/articles/bmw-electronic-water-pump-diagnostic-tool.md"
"bmw-enet-vs-bluetooth-obd","BMW ENET vs Bluetooth OBD: Choose the Right Connection Path","Comparisons","2026-08-26T12:00:00+05:00","src/content/articles/bmw-enet-vs-bluetooth-obd.md"
"bmw-f-series-vs-g-series-obd-adapter","BMW F Series vs G Series OBD Adapter: Choose by App and Interface","Buying Guides","2026-08-28T12:00:00+05:00","src/content/articles/bmw-f-series-vs-g-series-obd-adapter.md"
"bmw-frm-module-diagnostic-tool","BMW FRM Module Diagnostic Tool: Separate a Fault From a Repair Job","BMW Diagnostics","2026-09-11T12:00:00+05:00","src/content/articles/bmw-frm-module-diagnostic-tool.md"
"bmw-icom-vs-enet","BMW ICOM vs ENET: Workshop Interface or App-Specific Ethernet Cable?","BMW Diagnostics","2026-09-10T12:00:00+05:00","src/content/articles/bmw-icom-vs-enet.md"
"bmw-icom-vs-k-dcan","BMW ICOM vs K+DCAN: Choose by Vehicle, Software and Risk","Comparisons","2026-09-01T12:00:00+05:00","src/content/articles/bmw-icom-vs-k-dcan.md"
"bmw-injector-coding-tool","BMW Injector Coding Tool: Does Your Engine Need Code Entry?","BMW Diagnostics","2026-09-07T12:00:00+05:00","src/content/articles/bmw-injector-coding-tool.md"
"bmw-no-communication-with-obd-scanner","BMW No Communication With an OBD Scanner: Find the Broken Layer","BMW Diagnostics","2026-09-09T12:00:00+05:00","src/content/articles/bmw-no-communication-with-obd-scanner.md"
"bmw-parking-sensor-diagnostic-tool","BMW Parking Sensor Diagnostic Tools: PDC Codes, Live Sensor Data, and Module Output Tests","BMW Diagnostics","2026-09-17T12:00:00+05:00","src/content/articles/bmw-parking-sensor-diagnostic-tool.md"
"bmw-ride-height-calibration-scan-tool","BMW Ride-Height Calibration Scan Tool: Match the Suspension Before the Menu","BMW Diagnostics","2026-09-10T12:00:00+05:00","src/content/articles/bmw-ride-height-calibration-scan-tool.md"
"bmw-scanner-abs-airbag-codes","How to Choose a BMW Scanner for ABS and Airbag Codes","Buying Guides","2026-09-02T12:00:00+05:00","src/content/articles/bmw-scanner-abs-airbag-codes.md"
"bmw-scanner-for-used-car-inspection","BMW Scanner for a Used-Car Inspection: What to Capture Before You Buy","BMW Diagnostics","2026-09-07T12:00:00+05:00","src/content/articles/bmw-scanner-for-used-car-inspection.md"
"bmw-scanner-without-subscription","BMW Scanner Without a Subscription: Buy the Entitlement, Not the Label","BMW Diagnostics","2026-09-10T12:00:00+05:00","src/content/articles/bmw-scanner-without-subscription.md"
"bmw-service-reset-tool","BMW Service Reset Tool Guide: Dashboard Reset or Scanner?","BMW Diagnostics","2026-09-06T12:00:00+05:00","src/content/articles/bmw-service-reset-tool.md"
"bmw-steering-angle-sensor-calibration-tool","BMW Steering Angle Sensor Calibration: When the Tool Is Actually Needed","BMW Diagnostics","2026-09-09T12:00:00+05:00","src/content/articles/bmw-steering-angle-sensor-calibration-tool.md"
"bmw-tpms-diagnostic-tool","BMW TPMS Tools: Diagnosis, Activation, Relearn and Programming Are Different","BMW Diagnostics","2026-09-09T12:00:00+05:00","src/content/articles/bmw-tpms-diagnostic-tool.md"
"bmw-transfer-case-adaptation-reset-tool","BMW Transfer Case Adaptation Reset Tool: Reset, Calibrate, or Diagnose?","BMW Diagnostics","2026-09-07T12:00:00+05:00","src/content/articles/bmw-transfer-case-adaptation-reset-tool.md"
"bmw-vanos-diagnostic-tool","BMW VANOS Diagnostic Tools: Codes, Live Angles, and Test Plans","BMW Diagnostics","2026-09-17T12:00:00+05:00","src/content/articles/bmw-vanos-diagnostic-tool.md"
"bmw-wheel-speed-sensor-diagnostic-tool","BMW Wheel-Speed Sensor Diagnostics: Choose a Tool That Shows the Evidence","BMW Diagnostics","2026-09-17T12:00:00+05:00","src/content/articles/bmw-wheel-speed-sensor-diagnostic-tool.md"
"carly-subscription-cost","Carly Subscription Cost: Price Variables, Renewal, and Ownership Math","Buying Guides","2026-08-26T12:00:00+05:00","src/content/articles/carly-subscription-cost.md"
"carly-vs-foxwell-nt530","Carly vs Foxwell NT530: Subscription App or Dedicated Scanner?","Comparisons","2026-08-30T12:00:00+05:00","src/content/articles/carly-vs-foxwell-nt530.md"
"creator-c310-plus-vs-foxwell-nt530","Creator C310+ vs Foxwell NT530: Which BMW Handheld Fits?","Comparisons","2026-09-02T12:00:00+05:00","src/content/articles/creator-c310-plus-vs-foxwell-nt530.md"
"foxwell-nt530-vs-autel-mk808s-bmw","Foxwell NT530 Plus vs Autel MK808S for BMW: Handheld Focus or Tablet Breadth?","BMW Diagnostics","2026-09-10T12:00:00+05:00","src/content/articles/foxwell-nt530-vs-autel-mk808s-bmw.md"
"foxwell-nt530-vs-nt710","Foxwell NT530 vs NT710: Hardware, Coverage and Update Model","Comparisons","2026-08-30T12:00:00+05:00","src/content/articles/foxwell-nt530-vs-nt710.md"
"foxwell-nt710-vs-autel-mk900-bmw","Foxwell NT710 vs Autel MK900 for BMW: The Coding Line Decides It","Comparisons","2026-09-25T12:00:00+05:00","src/content/articles/foxwell-nt710-vs-autel-mk900-bmw.md"
"icarsoft-bmm-v3-vs-foxwell-nt530","iCarsoft BMM V3.0 vs Foxwell NT530 for BMW: Match the Exact SKU to the Job","BMW Diagnostics","2026-09-17T12:00:00+05:00","src/content/articles/icarsoft-bmm-v3-vs-foxwell-nt530.md"
"ista-valvetronic-relearn","ISTA Valvetronic Relearn: Qualify the Teach-In Before Running It","BMW Diagnostics","2026-09-11T12:00:00+05:00","src/content/articles/ista-valvetronic-relearn.md"
"ista-vs-bimmerlink","ISTA vs BimmerLink: Workshop Diagnosis or Owner App?","Comparisons","2026-08-29T12:00:00+05:00","src/content/articles/ista-vs-bimmerlink.md"
"k-dcan-vs-enet-cable","K+DCAN vs ENET Cable: BMW Interface Boundaries","Comparisons","2026-08-29T12:00:00+05:00","src/content/articles/k-dcan-vs-enet-cable.md"
"launch-x431-bmw","Launch X431 for BMW: Model, Coverage, Subscription, and Programming Boundaries","BMW Diagnostics","2026-09-06T12:00:00+05:00","src/content/articles/launch-x431-bmw.md"
"launch-x431-vs-autel-for-bmw","Launch X-431 vs Autel for BMW: Match the Exact Shop Platform to the Job","BMW Diagnostics","2026-09-11T12:00:00+05:00","src/content/articles/launch-x431-vs-autel-for-bmw.md"
"mini-diagnostic-app","MINI Diagnostic App: Choose by Diagnosis, Service, and Adapter Fit","Buying Guides","2026-08-28T12:00:00+05:00","src/content/articles/mini-diagnostic-app.md"
"obd-app-vs-handheld-scanner","OBD App vs Handheld Scanner: Which Tool Architecture Fits?","Comparisons","2026-08-26T12:00:00+05:00","src/content/articles/obd-app-vs-handheld-scanner.md"
"obdlink-cx-vs-lx","OBDLink CX vs LX: BLE for iPhone or Classic Bluetooth?","Comparisons","2026-08-30T12:00:00+05:00","src/content/articles/obdlink-cx-vs-lx.md"
"obdlink-cx-vs-mx-plus","OBDLink CX vs MX+: Match the Adapter to Your Car and Apps","Comparisons","2026-08-25T12:00:00+05:00","src/content/articles/obdlink-cx-vs-mx-plus.md"
"obdlink-cx-vs-unicarscan-ucsi-2100","OBDLink CX vs UniCarScan UCSI-2100 for BimmerCode and BimmerLink","BMW Diagnostics","2026-09-17T12:00:00+05:00","src/content/articles/obdlink-cx-vs-unicarscan-ucsi-2100.md"
"obdlink-cx-vs-vlinker-bm-plus","OBDLink CX vs vLinker BM+: Choose by App and Vehicle","Comparisons","2026-08-29T12:00:00+05:00","src/content/articles/obdlink-cx-vs-vlinker-bm-plus.md"
"obdlink-cx-vs-vlinker-mc-plus","OBDLink CX vs vLinker MC+: Pick the Exact App Path","Comparisons","2026-08-30T12:00:00+05:00","src/content/articles/obdlink-cx-vs-vlinker-mc-plus.md"
"obdlink-ex-vs-enet-cable","OBDLink EX vs ENET Cable: USB Diagnostics or Ethernet Session?","Comparisons","2026-09-01T12:00:00+05:00","src/content/articles/obdlink-ex-vs-enet-cable.md"
"obdlink-mx-plus-vs-lx","OBDLink MX+ vs LX: Choose by Platform and Vehicle Network","Comparisons","2026-08-28T12:00:00+05:00","src/content/articles/obdlink-mx-plus-vs-lx.md"
"obdlink-mx-plus-vs-vlinker-bm-plus","OBDLink MX+ vs vLinker BM+: Broad Networks or BMW Focus?","Comparisons","2026-08-30T12:00:00+05:00","src/content/articles/obdlink-mx-plus-vs-vlinker-bm-plus.md"
"protool-pricing","ProTool Pricing: License Costs, Adapter Price & Total Setup Cost","Buying Guides","2026-09-01T12:00:00+05:00","src/content/articles/protool-pricing.md"
"protool-vs-carly","ProTool vs Carly: Which BMW App Fits Your Ownership Plan?","Comparisons","2026-09-01T12:00:00+05:00","src/content/articles/protool-vs-carly.md"
"protool-vs-ista","ProTool vs ISTA: Which BMW Workflow Fits the Job?","Comparisons","2026-09-01T12:00:00+05:00","src/content/articles/protool-vs-ista.md"
"vlinker-bm-plus-vs-mc-plus","vLinker BM+ vs MC+: Which Vgate Adapter Fits Your Apps?","Comparisons","2026-09-01T12:00:00+05:00","src/content/articles/vlinker-bm-plus-vs-mc-plus.md"
