"slug","title","editorialDecision","detectedProductKeys","detectedAlternativeProductKeys","detectedMonetizationMode","productKeys","alternativeProductKeys","monetizationMode","affiliateRelationship","relationshipLabel","placementType","placementLocation","rationale","officialEvidenceUrl","mappingStatus","approvalStatus","reviewedAt","reviewedBy"
"autel-scanner-for-bmw","Which Autel Scanner for BMW? Build a Model-and-Function Matrix","CORRECTED","foxwell-nt530","foxwell-nt530-plus|autel-mk808s|autel-mk900|autel-mx900","recommended_equipment","autel-mx808s|autel-mk900-bt","","comparison","available_alternative","Available Autel scanner alternatives","comparison_card","after_evidence_context","The guide develops the Autel 808 and 900 tiers; verified MX808S and MK900-BT are accurately named available variants, subject to BMW coverage checks.","https://store.autel.com/products/autel-maxicheck-mx808","approved","approved","2026-09-12T19:42:08.000Z","Muhammad Farhan"
"autophix-7910-vs-foxwell-nt530","AUTOPHIX 7910 vs Foxwell NT530: Which BMW Scanner Fits?","CORRECTED","foxwell-nt530|foxwell-nt530-plus","autophix-7910|creator-c310-plus","comparison","autophix-7910p-plus","","recommended_equipment","available_alternative","Available AUTOPHIX-side alternative","recommended_equipment","after_evidence_context","The supplied 7910P+ is an available successor on the AUTOPHIX side; it is not relabelled as the unavailable 7910 or Foxwell NT530.","https://www.autophix.com/product/7910","approved","approved","2026-09-12T19:42:08.000Z","Muhammad Farhan"
"bimmercode-pricing","BimmerCode Pricing: Full Version, Platform, and Adapter Cost","APPROVE","obdlink-cx","obdlink-mx-plus","recommended_equipment","obdlink-cx","obdlink-mx-plus","recommended_equipment","supporting_equipment","Supporting equipment for this procedure","recommended_equipment","after_evidence_context","The article prices the BimmerCode working chain and explicitly identifies CX and MX+ as supported hardware paths.","https://www.obdlink.com/products/obdlink-cx/","approved","approved","2026-09-12T19:42:08.000Z","Muhammad Farhan"
"bimmercode-vs-carly","BimmerCode vs Carly: Which BMW/MINI Tool Fits Your Use Case?","CORRECTED","obdlink-cx|obdlink-mx-plus","foxwell-nt530|unicarscan-ucsi-2100|carly-universal-scanner","comparison","obdlink-cx","","compatible_adapter","compatible_interface","Compatible interface","product_card","after_evidence_context","OBDLink CX is the documented BimmerCode path and is not presented as Carly-compatible hardware.","https://www.obdlink.com/products/obdlink-cx/","approved","approved","2026-09-12T19:42:08.000Z","Muhammad Farhan"
"bimmercode-vs-foxwell-nt530","BimmerCode vs Foxwell NT530: Coding App or Diagnostic Handheld?","CORRECTED","foxwell-nt530","","exact_product","obdlink-cx","","compatible_adapter","compatible_interface","Compatible interface","product_card","after_evidence_context","OBDLink CX accurately represents the supported BimmerCode side; no unverified Foxwell listing renders.","https://www.obdlink.com/products/obdlink-cx/","approved","approved","2026-09-12T19:42:08.000Z","Muhammad Farhan"
"bimmercode-vs-protool","BimmerCode vs ProTool: Coding App or BMW Toolset?","CORRECTED","","","related_buyer_guide","obdlink-cx","","compatible_adapter","compatible_interface","Compatible interface","product_card","after_evidence_context","OBDLink CX is documented for BimmerCode and is shown only for that side, not as a ProTool adapter.","https://www.obdlink.com/products/obdlink-cx/","approved","approved","2026-09-12T19:42:08.000Z","Muhammad Farhan"
"bimmerlink-adapter","BimmerLink Adapter Guide: Choose by Car, Phone, and Function","CORRECTED","obdlink-cx","obdlink-mx-plus|unicarscan-ucsi-2100|bmw-enet-cable","recommended_equipment","obdlink-cx","obdlink-mx-plus","recommended_equipment","supporting_equipment","Supporting equipment for this procedure","recommended_equipment","after_evidence_context","CX is the focused exact BimmerLink adapter candidate; MX+ is the single broader-network alternative. Generic ENET is excluded.","https://www.obdlink.com/products/obdlink-cx/","approved","approved","2026-09-12T19:42:08.000Z","Muhammad Farhan"
"bimmerlink-pricing","BimmerLink Pricing: App, Add-On and Adapter Costs","APPROVE","obdlink-cx","","exact_product","obdlink-cx","","recommended_equipment","supporting_equipment","Supporting equipment for this procedure","recommended_equipment","after_evidence_context","The article explicitly includes OBDLink CX as recommended equipment in the complete BimmerLink cost and compatibility chain.","https://www.obdlink.com/products/obdlink-cx/","approved","approved","2026-09-12T19:42:08.000Z","Muhammad Farhan"
"bimmerlink-vs-bimmer-tool","BimmerLink vs bimmer-tool: Choose by Platform, Engine, and Service Job","APPROVE","obdlink-cx|k-dcan-cable","","comparison","obdlink-cx","","compatible_adapter","compatible_interface","Compatible interface","product_card","after_evidence_context","OBDLink CX is named as the supported BimmerLink adapter; the diagnostic apps are not monetized and no bimmer-tool hardware is implied.","https://www.obdlink.com/products/obdlink-cx/","approved","approved","2026-09-12T19:42:08.000Z","Muhammad Farhan"
"bimmerlink-vs-carly","BimmerLink vs Carly: Which BMW Tool Fits Your Actual Job?","CORRECTED","","","related_buyer_guide","obdlink-cx","","compatible_adapter","compatible_interface","Compatible interface","product_card","after_evidence_context","OBDLink documents CX for BimmerLink; the card makes no Carly compatibility claim.","https://www.obdlink.com/products/obdlink-cx/","approved","approved","2026-09-12T19:42:08.000Z","Muhammad Farhan"
"bimmerlink-vs-foxwell-nt530","BimmerLink vs Foxwell NT530: Phone App or BMW Handheld?","CORRECTED","foxwell-nt530|creator-c310-plus","","comparison","obdlink-cx","","compatible_adapter","compatible_interface","Compatible interface","product_card","after_evidence_context","OBDLink CX represents the documented BimmerLink route; the unavailable Foxwell side is not mismatched.","https://www.obdlink.com/products/obdlink-cx/","approved","approved","2026-09-12T19:42:08.000Z","Muhammad Farhan"
"bimmerlink-vs-protool","BimmerLink vs ProTool: Focused Diagnostics or Full Toolset?","CORRECTED","","","related_buyer_guide","obdlink-cx","","compatible_adapter","compatible_interface","Compatible interface","product_card","after_evidence_context","OBDLink CX is shown only as the documented BimmerLink interface, with no ProTool compatibility claim.","https://www.obdlink.com/products/obdlink-cx/","approved","approved","2026-09-12T19:42:08.000Z","Muhammad Farhan"
"bmw-battery-drain-diagnostic-tool","BMW Battery Drain Diagnostic Tool: Build the Evidence Before Pulling Fuses","CORRECTED","","","related_buyer_guide","fluke-88v","","recommended_equipment","supporting_equipment","Supporting equipment for this procedure","recommended_equipment","after_evidence_context","Fluke documents the exact automotive meter and a parasitic-drain workflow; its current resolution and protected measurement ranges directly support the article evidence process.","https://www.fluke.com/en-us/product/electrical-testing/digital-multimeters/fluke-88v-a-kit","approved","approved","2026-09-12T19:42:08.000Z","Muhammad Farhan"
"bmw-battery-registration-scanner","BMW Battery Registration Scanner: Choose the Right Tool Before You Buy","CORRECTED","obdlink-cx","obdlink-mx-plus|unicarscan-ucsi-2100|ancel-bm700-pro|carly-universal-scanner","recommended_equipment","obdlink-cx","","compatible_adapter","compatible_interface","Compatible interface","product_card","after_evidence_context","The article develops the BimmerLink registration route and OBDLink documents CX as compatible equipment, subject to vehicle support.","https://www.obdlink.com/products/obdlink-cx/","approved","approved","2026-09-12T19:42:08.000Z","Muhammad Farhan"
"bmw-bidirectional-scan-tool-functions","BMW Bidirectional Scan Tools: Buy the Function, Not the Label","CORRECTED","foxwell-nt530","foxwell-nt530-plus|autel-mk900","recommended_equipment","autel-mk900-bt","","recommended_equipment","workshop_alternative","Available bidirectional workshop alternative","recommended_equipment","after_evidence_context","Verified MK900-BT is an accurately named 900-tier bidirectional platform; exact BMW functions require Autel coverage checks.","https://store.autel.com/products/maxicom-mk900bt","approved","approved","2026-09-12T19:42:08.000Z","Muhammad Farhan"
"bmw-brake-bleed-scan-tool","BMW Brake Bleed Scan Tool: Hydraulic Bleeding vs ABS Service Functions","CORRECTED","autel-md909-pro","","exact_product","autel-md909-pro","","exact_product","exact_product","Exact product discussed","product_card","after_evidence_context","Autel names Brake Bleeding as a supported MD909 Pro service function; the article and mapping retain the requirement to confirm the exact BMW in Autel coverage before purchase.","https://store.autel.com/products/maxidiag-md909-pro","approved","approved","2026-09-12T19:42:08.000Z","Muhammad Farhan"
"bmw-code-reader-vs-scan-tool","BMW Code Reader vs Scan Tool: What Each Level Can Actually Do","CORRECTED","","","related_buyer_guide","obdlink-cx|autel-ds808s-bt","","comparison","exact_product","Products discussed in this guide","comparison_card","after_evidence_context","CX represents the adapter/app route and accurately named DS808S-BT represents the full tablet route.","https://www.obdlink.com/products/obdlink-cx/","approved","approved","2026-09-12T19:42:08.000Z","Muhammad Farhan"
"bmw-coding-vs-programming","BMW Coding vs Programming: What Changes, Which Tool Fits, and When to Stop","CORRECTED","","","related_buyer_guide","schumacher-inc100","","recommended_equipment","supporting_equipment","Supporting equipment for this procedure","recommended_equipment","after_evidence_context","BMW requires external power support for programming and Schumacher documents INC100 for stable ECU reprogramming and diagnostic power; it supports the workflow without pretending to be a coding interface.","https://www.schumacherelectric.com/products/100a-flash-reprogrammer-power-supply-with-battery-support/","approved","approved","2026-09-12T19:42:08.000Z","Muhammad Farhan"
"bmw-diagnostic-software-windows","BMW Diagnostic Software for Windows 10 and 11: Choose the Stack, Not a Download Bundle","CORRECTED","bmw-enet-cable","","exact_product","schumacher-inc100","","recommended_equipment","supporting_equipment","Supporting equipment for this procedure","recommended_equipment","after_evidence_context","The article includes programming infrastructure, BMW requires an external power supply for programming, and Schumacher documents INC100 for ECU reprogramming and diagnostic support.","https://www.schumacherelectric.com/products/100a-flash-reprogrammer-power-supply-with-battery-support/","approved","approved","2026-09-12T19:42:08.000Z","Muhammad Farhan"
"bmw-dpf-regeneration-scan-tool","BMW DPF Regeneration Scan Tool: Verify Preconditions Before the Function","APPROVE","obdlink-cx","autel-mx900","recommended_equipment","obdlink-cx","","recommended_equipment","supporting_equipment","Supporting equipment for this procedure","recommended_equipment","after_evidence_context","OBDLink CX is the documented BimmerLink adapter for the DPF service-regeneration request workflow; capability remains gated on exact BMW support.","https://www.obdlink.com/products/obdlink-cx/","approved","approved","2026-09-12T19:42:08.000Z","Muhammad Farhan"
"bmw-electric-parking-brake-service-mode-scanner","BMW Electric Parking Brake Service Mode Scanner: Identify the Brake System First","CORRECTED","autel-mk808s","","exact_product","autel-md909-pro","","exact_product","exact_product","Exact product discussed","product_card","after_evidence_context","Autel documents EPB and parking-brake pad relearn on the exact MD909 Pro; buyers must still confirm their BMW, model year and market in the coverage database.","https://store.autel.com/products/maxidiag-md909-pro","approved","approved","2026-09-12T19:42:08.000Z","Muhammad Farhan"
"bmw-electronic-water-pump-diagnostic-tool","BMW Electronic Water-Pump Diagnostic Tool: Test the Command Path Before Replacing Parts","CORRECTED","","","related_buyer_guide","innova-5610-bundle","","recommended_equipment","available_alternative","Available scanner with documented coolant-bleed support","recommended_equipment","after_evidence_context","Innova documents coolant bleeding among 5610 functions and requires vehicle checks; the verified listing is the 5610 plus 3380 bundle.","https://www.innova.com/collections/innova-obd2-scanners/products/carscan-pro-5610","approved","approved","2026-09-12T19:42:08.000Z","Muhammad Farhan"
"bmw-enet-vs-bluetooth-obd","BMW ENET vs Bluetooth OBD: Choose the Right Connection Path","CORRECTED","obdlink-cx|obdlink-mx-plus","bmw-enet-cable","comparison","obdlink-cx","","compatible_adapter","compatible_interface","Compatible interface","product_card","after_evidence_context","CX is the exact Bluetooth side and is not described as ENET hardware.","https://www.obdlink.com/products/obdlink-cx/","approved","approved","2026-09-12T19:42:08.000Z","Muhammad Farhan"
"bmw-f-series-vs-g-series-obd-adapter","BMW F Series vs G Series OBD Adapter: Choose by App and Interface","CORRECTED","obdlink-cx|obdlink-mx-plus","vlinker-bm-plus|bmw-enet-cable","comparison","obdlink-cx","","compatible_adapter","compatible_interface","Compatible interface","product_card","after_evidence_context","BimmerCode lists CX across supported BMW series; the app and exact vehicle matrix still controls compatibility.","https://www.obdlink.com/products/obdlink-cx/","approved","approved","2026-09-12T19:42:08.000Z","Muhammad Farhan"
"bmw-frm-module-diagnostic-tool","BMW FRM Module Diagnostic Tool: Separate a Fault From a Repair Job","CORRECTED","","","related_buyer_guide","fluke-88v","","recommended_equipment","supporting_equipment","Supporting equipment for this procedure","recommended_equipment","after_evidence_context","The article requires power, ground and circuit evidence; the Fluke kit supports those checks without claiming FRM access.","https://www.fluke.com/en-us/product/electrical-testing/digital-multimeters/fluke-88v-a-kit","approved","approved","2026-09-12T19:42:08.000Z","Muhammad Farhan"
"bmw-icom-vs-enet","BMW ICOM vs ENET: Workshop Interface or App-Specific Ethernet Cable?","CORRECTED","bmw-icom-next|bmw-enet-cable","","comparison","schumacher-inc100","","recommended_equipment","supporting_equipment","Supporting equipment for this procedure","recommended_equipment","after_evidence_context","INC100 supports stable power for programming-risk workflows and is not presented as ICOM or ENET hardware.","https://www.schumacherelectric.com/products/100a-flash-reprogrammer-power-supply-with-battery-support/","approved","approved","2026-09-12T19:42:08.000Z","Muhammad Farhan"
"bmw-icom-vs-k-dcan","BMW ICOM vs K+DCAN: Choose by Vehicle, Software and Risk","CORRECTED","bimmergeeks-expert-k-dcan|bmw-icom-next","k-dcan-cable","comparison","schumacher-inc100","","recommended_equipment","supporting_equipment","Supporting equipment for this procedure","recommended_equipment","after_evidence_context","INC100 is relevant programming support equipment, not ICOM or K+DCAN hardware.","https://www.schumacherelectric.com/products/100a-flash-reprogrammer-power-supply-with-battery-support/","approved","approved","2026-09-12T19:42:08.000Z","Muhammad Farhan"
"bmw-injector-coding-tool","BMW Injector Coding Tool: Does Your Engine Need Code Entry?","CORRECTED","","","related_buyer_guide","autel-md909-pro","","exact_product","exact_product","Exact product discussed","product_card","after_evidence_context","Autel documents an Injector service function on the exact MD909 Pro; the recommendation remains conditional on an exact BMW coverage result for the engine and market.","https://store.autel.com/products/maxidiag-md909-pro","approved","approved","2026-09-12T19:42:08.000Z","Muhammad Farhan"
"bmw-no-communication-with-obd-scanner","BMW No Communication With an OBD Scanner: Find the Broken Layer","CORRECTED","obdlink-ex","","exact_product","fluke-88v","","recommended_equipment","supporting_equipment","Supporting equipment for this procedure","recommended_equipment","after_evidence_context","The diagnostic sequence requires voltage, continuity and resistance evidence at power, ground and network points; Fluke documents those exact automotive measurement capabilities on the 88V.","https://www.fluke.com/en-us/product/electrical-testing/digital-multimeters/fluke-88v-a-kit","approved","approved","2026-09-12T19:42:08.000Z","Muhammad Farhan"
"bmw-parking-sensor-diagnostic-tool","BMW Parking Sensor Diagnostic Tools: PDC Codes, Live Sensor Data, and Module Output Tests","","","","related_buyer_guide","","","no_defensible_product","exact_product","Exact product discussed","none","after_evidence_context","CS-087: no defensible exact product for a PDC/PMA diagnostic-method guide; intentionally unmonetized.","","reviewed","pending","",""
"bmw-ride-height-calibration-scan-tool","BMW Ride-Height Calibration Scan Tool: Match the Suspension Before the Menu","CORRECTED","","","related_buyer_guide","autel-maxisys-ultra","","recommended_equipment","workshop_alternative","Available workshop calibration platform","recommended_equipment","after_evidence_context","Autel documents suspension calibration on standard MaxiSYS Ultra; exact BMW coverage remains mandatory.","https://store.autel.com/products/autel-maxisys-ultra","approved","approved","2026-09-12T19:42:08.000Z","Muhammad Farhan"
"bmw-scanner-abs-airbag-codes","How to Choose a BMW Scanner for ABS and Airbag Codes","CORRECTED","foxwell-nt530","foxwell-nt530-plus|autel-mx900","recommended_equipment","autel-mx900","","recommended_equipment","exact_product","Available all-system scanner discussed","recommended_equipment","after_evidence_context","The body identifies MX900 as the broader all-system route; vehicle-level coverage checks remain.","https://store.autel.com/products/maxicheck-mx900","approved","approved","2026-09-12T19:42:08.000Z","Muhammad Farhan"
"bmw-scanner-for-used-car-inspection","BMW Scanner for a Used-Car Inspection: What to Capture Before You Buy","CORRECTED","autel-ds808s","","exact_product","autel-ds808s-bt","","exact_product","exact_product","Exact product discussed","product_card","after_evidence_context","Accurately named DS808S-BT supports the all-system scan, live-data and report workflow developed by the guide.","https://store.autel.com/products/maxidas-ds808s-bt","approved","approved","2026-09-12T19:42:08.000Z","Muhammad Farhan"
"bmw-scanner-without-subscription","BMW Scanner Without a Subscription: Buy the Entitlement, Not the Label","CORRECTED","foxwell-nt530","foxwell-nt530-plus|autel-mk808s","recommended_equipment","innova-5610-bundle","","recommended_equipment","available_alternative","Available no-subscription scanner alternative","recommended_equipment","after_evidence_context","Innova documents free updates and no subscription for 5610; the listing is accurately identified as the 5610 plus 3380 bundle.","https://www.innova.com/collections/innova-obd2-scanners/products/carscan-pro-5610","approved","approved","2026-09-12T19:42:08.000Z","Muhammad Farhan"
"bmw-service-reset-tool","BMW Service Reset Tool Guide: Dashboard Reset or Scanner?","CORRECTED","foxwell-nt530","foxwell-nt530-plus","recommended_equipment","obdlink-cx","","compatible_adapter","compatible_interface","Compatible interface","product_card","after_evidence_context","CX is documented for the BimmerLink service route; exact BMW and service support must be checked.","https://www.obdlink.com/products/obdlink-cx/","approved","approved","2026-09-12T19:42:08.000Z","Muhammad Farhan"
"bmw-steering-angle-sensor-calibration-tool","BMW Steering Angle Sensor Calibration: When the Tool Is Actually Needed","CORRECTED","autel-mk808s","","exact_product","autel-mx808s","","recommended_equipment","available_alternative","Available SAS-capable scanner alternative","recommended_equipment","after_evidence_context","Autel documents SAS service on exact MX808S; this does not extend the function to an unverified BMW.","https://store.autel.com/products/autel-maxicheck-mx808","approved","approved","2026-09-12T19:42:08.000Z","Muhammad Farhan"
"bmw-tpms-diagnostic-tool","BMW TPMS Tools: Diagnosis, Activation, Relearn and Programming Are Different","CORRECTED","autel-mk808s","autel-mk808s-ts","recommended_equipment","autel-mx808s|autel-mx808s-ts","","comparison","exact_product","Products discussed in this guide","comparison_card","after_evidence_context","Accurately named MX808S and MX808S-TS preserve the diagnostic-versus-TPMS programming distinction.","https://store.autel.com/products/autel-maxicheck-mx808","approved","approved","2026-09-12T19:42:08.000Z","Muhammad Farhan"
"bmw-transfer-case-adaptation-reset-tool","BMW Transfer Case Adaptation Reset Tool: Reset, Calibrate, or Diagnose?","CORRECTED","","","related_buyer_guide","autel-maxisys-ultra","","recommended_equipment","workshop_alternative","Available workshop diagnostic alternative","recommended_equipment","after_evidence_context","MaxiSYS Ultra is a workshop platform for pre/post checks without claiming an unverified BMW VTG reset.","https://store.autel.com/products/autel-maxisys-ultra","approved","approved","2026-09-12T19:42:08.000Z","Muhammad Farhan"
"bmw-vanos-diagnostic-tool","BMW VANOS Diagnostic Tools: Codes, Live Angles, and Test Plans","APPROVE","autel-ds808s","autel-ds808s-bt","recommended_equipment","autel-ds808s-bt","","recommended_equipment","supporting_equipment","Supporting equipment for this procedure","recommended_equipment","after_evidence_context","Autel DS808S-BT is the recommended full-tablet route, shown only within the VANOS-capability gate; exact BMW coverage must be confirmed.","https://store.autel.com/products/maxidas-ds808s-bt","approved","approved","2026-09-12T19:42:08.000Z","Muhammad Farhan"
"bmw-wheel-speed-sensor-diagnostic-tool","BMW Wheel-Speed Sensor Diagnostics: Choose a Tool That Shows the Evidence","APPROVE","autel-mx900","","exact_product","autel-mx900","","recommended_equipment","supporting_equipment","Supporting equipment for this procedure","recommended_equipment","after_evidence_context","Autel MX900 is the recommended tool within the BMW DSC and live-data capability gate; four-corner wheel-speed access requires confirming the exact BMW.","https://store.autel.com/products/maxicheck-mx900","approved","approved","2026-09-12T19:42:08.000Z","Muhammad Farhan"
"carly-subscription-cost","Carly Subscription Cost: Price Variables, Renewal, and Ownership Math","CORRECTED","obdlink-cx","carly-universal-scanner","recommended_equipment","obdlink-cx","","recommended_equipment","available_alternative","Alternative BMW app route","recommended_equipment","after_evidence_context","With Carly hardware unavailable, CX is shown only as an alternative BMW app route, never as Carly-compatible.","https://www.obdlink.com/products/obdlink-cx/","approved","approved","2026-09-12T19:42:08.000Z","Muhammad Farhan"
"carly-vs-foxwell-nt530","Carly vs Foxwell NT530: Subscription App or Dedicated Scanner?","CORRECTED","foxwell-nt530","","exact_product","autophix-7910p-plus","","recommended_equipment","available_alternative","Available BMW scanner alternative","recommended_equipment","after_evidence_context","Neither named side has an approved listing; 7910P+ is a clearly separated BMW-scanner alternative.","https://www.autophix.com/product/7910","approved","approved","2026-09-12T19:42:08.000Z","Muhammad Farhan"
"creator-c310-plus-vs-foxwell-nt530","Creator C310+ vs Foxwell NT530: Which BMW Handheld Fits?","CORRECTED","foxwell-nt530|foxwell-nt530-plus","creator-c310-plus","comparison","creator-c310-plus","","exact_product","exact_product","Exact product discussed","product_card","after_evidence_context","Creator C310+ is the exact available side; no unverified Foxwell listing is substituted.","https://forobd2tool.com/wp-content/download/Creator%20C310%2B/c310_manual.pdf","approved","approved","2026-09-12T19:42:08.000Z","Muhammad Farhan"
"foxwell-nt530-vs-autel-mk808s-bmw","Foxwell NT530 Plus vs Autel MK808S for BMW: Handheld Focus or Tablet Breadth?","CORRECTED","foxwell-nt530|foxwell-nt530-plus","autel-mk808s","comparison","autel-mx808s","","recommended_equipment","available_alternative","Available Autel-side alternative","recommended_equipment","after_evidence_context","The available Autel listing is accurately named MX808S, not MK808S, with no Foxwell substitution.","https://store.autel.com/products/autel-maxicheck-mx808","approved","approved","2026-09-12T19:42:08.000Z","Muhammad Farhan"
"foxwell-nt530-vs-nt710","Foxwell NT530 vs NT710: Hardware, Coverage and Update Model","CORRECTED","foxwell-nt530|foxwell-nt710","autophix-7910|creator-c310-plus","comparison","autophix-7910p-plus","","recommended_equipment","available_alternative","Available BMW scanner alternative","recommended_equipment","after_evidence_context","Rejected GM NT710 and unverified NT530 listings are excluded; 7910P+ is labelled as an available BMW-scanner alternative.","https://www.autophix.com/product/7910","approved","approved","2026-09-12T19:42:08.000Z","Muhammad Farhan"
"icarsoft-bmm-v3-vs-foxwell-nt530","iCarsoft BMM V3.0 vs Foxwell NT530 for BMW: Match the Exact SKU to the Job","","foxwell-nt530|icarsoft-bmm-v3","","comparison","","","no_defensible_product","exact_product","Exact product discussed","none","after_evidence_context","CS-081: iCarsoft BMM V3.0 and Foxwell NT530 SiteStripe links are verified and recorded in the registry, but no rights-cleared product image is available yet; unmonetized until an image is added, then promote to an approve() comparison.","","reviewed","pending","",""
"ista-valvetronic-relearn","ISTA Valvetronic Relearn: Qualify the Teach-In Before Running It","CORRECTED","","","related_buyer_guide","schumacher-inc100","","recommended_equipment","supporting_equipment","Supporting equipment for this procedure","recommended_equipment","after_evidence_context","The article requires stable power when the BMW procedure calls for it, and Schumacher documents INC100 as a stable diagnostic and ECU-reprogramming power supply; it is supporting equipment, not a claimed relearn interface.","https://www.schumacherelectric.com/products/100a-flash-reprogrammer-power-supply-with-battery-support/","approved","approved","2026-09-12T19:42:08.000Z","Muhammad Farhan"
"ista-vs-bimmerlink","ISTA vs BimmerLink: Workshop Diagnosis or Owner App?","CORRECTED","","","related_buyer_guide","obdlink-cx","","compatible_adapter","compatible_interface","Compatible interface","product_card","after_evidence_context","CX is the documented BimmerLink side and is not presented as an ISTA interface or ICOM replacement.","https://www.obdlink.com/products/obdlink-cx/","approved","approved","2026-09-12T19:42:08.000Z","Muhammad Farhan"
"k-dcan-vs-enet-cable","K+DCAN vs ENET Cable: BMW Interface Boundaries","CORRECTED","obdlink-cx|obdlink-ex","k-dcan-cable|bmw-enet-cable","comparison","schumacher-inc100","","recommended_equipment","supporting_equipment","Supporting equipment for this procedure","recommended_equipment","after_evidence_context","Generic cables remain unlinked; INC100 is supporting power for coding/programming, not a cable substitute.","https://www.schumacherelectric.com/products/100a-flash-reprogrammer-power-supply-with-battery-support/","approved","approved","2026-09-12T19:42:08.000Z","Muhammad Farhan"
"launch-x431-bmw","Launch X431 for BMW: Model, Coverage, Subscription, and Programming Boundaries","CORRECTED","foxwell-nt530","launch-creader-elite-bmw|launch-creader-elite-x|launch-x431-throttle-v|launch-x431-torque-link|launch-smartlink-c","recommended_equipment","launch-creader-elite-bmw-v2|launch-x431-pro3s-plus","","comparison","available_alternative","Available LAUNCH diagnostic routes","comparison_card","after_evidence_context","Accurately named LAUNCH products represent the BMW-focused and professional routes developed in the guide.","https://en.cnlaunch.com/products-detail/i-281.html","approved","approved","2026-09-12T19:42:08.000Z","Muhammad Farhan"
"launch-x431-vs-autel-for-bmw","Launch X-431 vs Autel for BMW: Match the Exact Shop Platform to the Job","CORRECTED","foxwell-nt530|foxwell-nt530-plus","autel-mk808s|autel-maxisys-ultra-s2|launch-x431-throttle-v|autel-vcmi-2|autel-maxisys-ultra","comparison","launch-x431-pro3s-plus|autel-maxisys-ultra","","comparison","workshop_alternative","Available workshop alternatives","comparison_card","after_evidence_context","Verified platforms accurately represent LAUNCH and Autel workshop alternatives without unavailable model names.","https://en.cnlaunch.com/products-detail/i-314.html","approved","approved","2026-09-12T19:42:08.000Z","Muhammad Farhan"
"mini-diagnostic-app","MINI Diagnostic App: Choose by Diagnosis, Service, and Adapter Fit","CORRECTED","","","related_buyer_guide","obdlink-cx","","compatible_adapter","compatible_interface","Compatible interface","product_card","after_evidence_context","CX is documented for BimmerCode and BimmerLink; MINI, app and feature support still require publisher checks.","https://www.obdlink.com/products/obdlink-cx/","approved","approved","2026-09-12T19:42:08.000Z","Muhammad Farhan"
"obd-app-vs-handheld-scanner","OBD App vs Handheld Scanner: Which Tool Architecture Fits?","CORRECTED","obdlink-cx|obdlink-mx-plus","autel-mk808s|innova-5610","comparison","obdlink-cx|autel-mx808s","","comparison","exact_product","Products discussed in this guide","comparison_card","after_evidence_context","Exact CX and accurately named MX808S represent the app and tablet architectures.","https://www.obdlink.com/products/obdlink-cx/","approved","approved","2026-09-12T19:42:08.000Z","Muhammad Farhan"
"obdlink-cx-vs-lx","OBDLink CX vs LX: BLE for iPhone or Classic Bluetooth?","APPROVE","obdlink-cx|obdlink-lx","","comparison","obdlink-cx|obdlink-lx","","comparison","exact_product","Products discussed in this guide","comparison_card","after_evidence_context","The mapping already contains exactly the two named OBDLink products.","https://www.obdlink.com/products/obdlink-cx/","approved","approved","2026-09-12T19:42:08.000Z","Muhammad Farhan"
"obdlink-cx-vs-mx-plus","OBDLink CX vs MX+: Match the Adapter to Your Car and Apps","CORRECTED","obdlink-cx|obdlink-mx-plus","obdlink-ex|vlinker-bm-plus|vlinker-mc-plus","comparison","obdlink-cx|obdlink-mx-plus","","comparison","exact_product","Products discussed in this guide","comparison_card","after_evidence_context","Keep the two named products primary and remove incidental adapter alternatives.","https://www.obdlink.com/products/obdlink-cx/","approved","approved","2026-09-12T19:42:08.000Z","Muhammad Farhan"
"obdlink-cx-vs-unicarscan-ucsi-2100","OBDLink CX vs UniCarScan UCSI-2100 for BimmerCode and BimmerLink","","obdlink-cx|unicarscan-ucsi-2100","bmw-enet-cable","comparison","","","no_defensible_product","exact_product","Exact product discussed","none","after_evidence_context","CS-084: OBDLink CX and UniCarScan UCSI-2100 SiteStripe links are verified and recorded; UniCarScan has no rights-cleared image, so this comparison stays unmonetized (no asymmetric card) until the image is added, then promote to an approve() comparison.","","reviewed","pending","",""
"obdlink-cx-vs-vlinker-bm-plus","OBDLink CX vs vLinker BM+: Choose by App and Vehicle","APPROVE","obdlink-cx|vlinker-bm-plus","","comparison","obdlink-cx|vlinker-bm-plus","","comparison","exact_product","Products discussed in this guide","comparison_card","after_evidence_context","The mapping already contains exactly the two named adapter products.","https://www.obdlink.com/products/obdlink-cx/","approved","approved","2026-09-12T19:42:08.000Z","Muhammad Farhan"
"obdlink-cx-vs-vlinker-mc-plus","OBDLink CX vs vLinker MC+: Pick the Exact App Path","CORRECTED","obdlink-cx|vlinker-bm-plus","vlinker-mc-plus","comparison","obdlink-cx|vlinker-mc-plus","","comparison","exact_product","Products discussed in this guide","comparison_card","after_evidence_context","Use the exact two named adapters; vLinker BM+ is only adjacent comparison context.","https://www.obdlink.com/products/obdlink-cx/","approved","approved","2026-09-12T19:42:08.000Z","Muhammad Farhan"
"obdlink-ex-vs-enet-cable","OBDLink EX vs ENET Cable: USB Diagnostics or Ethernet Session?","CORRECTED","obdlink-ex|bmw-enet-cable","","comparison","obdlink-ex","","exact_product","exact_product","Exact OBDLink EX product discussed - not a BMW ENET interface","product_card","after_evidence_context","EX is the exact product discussed, with a warning that it is FORScan/Ford-oriented and not BMW ENET.","https://www.obdlink.com/products/obdlink-ex/","approved","approved","2026-09-12T19:42:08.000Z","Muhammad Farhan"
"obdlink-mx-plus-vs-lx","OBDLink MX+ vs LX: Choose by Platform and Vehicle Network","CORRECTED","obdlink-cx|obdlink-mx-plus","obdlink-lx|vlinker-mc-plus","comparison","obdlink-mx-plus|obdlink-lx","","comparison","exact_product","Products discussed in this guide","comparison_card","after_evidence_context","Use the exact two named OBDLink models and remove CX/MC+ contextual mentions.","https://www.obdlink.com/products/obdlink-mxp/","approved","approved","2026-09-12T19:42:08.000Z","Muhammad Farhan"
"obdlink-mx-plus-vs-vlinker-bm-plus","OBDLink MX+ vs vLinker BM+: Broad Networks or BMW Focus?","APPROVE","obdlink-mx-plus|vlinker-bm-plus","","comparison","obdlink-mx-plus|vlinker-bm-plus","","comparison","exact_product","Products discussed in this guide","comparison_card","after_evidence_context","The mapping already contains exactly the two named adapter products.","https://www.obdlink.com/products/obdlink-mxp/","approved","approved","2026-09-12T19:42:08.000Z","Muhammad Farhan"
"protool-pricing","ProTool Pricing: License Costs, Adapter Price & Total Setup Cost","CORRECTED","bimmergeeks-bluetooth-adapter","bimmergeeks-expert-k-dcan|k-dcan-cable","recommended_equipment","obdlink-cx","","recommended_equipment","available_alternative","Alternative BMW app interface","recommended_equipment","after_evidence_context","With ProTool hardware unavailable, CX is only a labelled alternative BMW app interface for a different supported route.","https://www.obdlink.com/products/obdlink-cx/","approved","approved","2026-09-12T19:42:08.000Z","Muhammad Farhan"
"protool-vs-carly","ProTool vs Carly: Which BMW App Fits Your Ownership Plan?","CORRECTED","carly-universal-scanner","","exact_product","obdlink-cx","","recommended_equipment","available_alternative","Alternative BMW app route","recommended_equipment","after_evidence_context","CX is a distinct alternative BMW app route and is not claimed compatible with ProTool or Carly.","https://www.obdlink.com/products/obdlink-cx/","approved","approved","2026-09-12T19:42:08.000Z","Muhammad Farhan"
"protool-vs-ista","ProTool vs ISTA: Which BMW Workflow Fits the Job?","CORRECTED","bmw-icom-next","","exact_product","schumacher-inc100","","recommended_equipment","supporting_equipment","Supporting equipment for this procedure","recommended_equipment","after_evidence_context","INC100 supports coding/programming power needs and is not presented as ProTool hardware or ISTA interface.","https://www.schumacherelectric.com/products/100a-flash-reprogrammer-power-supply-with-battery-support/","approved","approved","2026-09-12T19:42:08.000Z","Muhammad Farhan"
"vlinker-bm-plus-vs-mc-plus","vLinker BM+ vs MC+: Which Vgate Adapter Fits Your Apps?","CORRECTED","obdlink-cx|vlinker-bm-plus","vlinker-mc-plus","comparison","vlinker-bm-plus|vlinker-mc-plus","","comparison","exact_product","Products discussed in this guide","comparison_card","after_evidence_context","Use exactly the two named Vgate adapter models and remove unrelated OBDLink context.","https://www.vgatemall.com/products-detail/i-15/","approved","approved","2026-09-12T19:42:08.000Z","Muhammad Farhan"
