"slug","title","productKeys","displayedProducts","asins","placementRelationship","relationshipLabel","why","officialEvidenceUrls","affiliateUrlStatus","imageSources","imageAttributions","imageRightsStatus","disclosureStatus","renderStatus"
"autel-scanner-for-bmw","Which Autel Scanner for BMW? Build a Model-and-Function Matrix","autel-mx808s|autel-mk900-bt","Autel MaxiCheck MX808S | Autel MaxiCOM MK900-BT","B08ML7T7KZ|B07PGYY8SS","available_alternative","Available Autel scanner alternatives","The guide develops the Autel 808 and 900 tiers; verified MX808S and MK900-BT are accurately named available variants, subject to BMW coverage checks.","https://store.autel.com/products/autel-maxicheck-mx808 | https://store.autel.com/products/maxicom-mk900bt","verified","https://cdn.shopify.com/s/files/1/0502/1722/2337/files/MX808S-01.png?v=1700467537 | https://cdn.shopify.com/s/files/1/0502/1722/2337/files/MK900-BT_03_1.png?v=1732093424","Product image: Autel. | Product image: Autel.","manufacturer_attributed_editorial|manufacturer_attributed_editorial","present_before_first_affiliate_unit","ready_for_live_activation"
"autophix-7910-vs-foxwell-nt530","AUTOPHIX 7910 vs Foxwell NT530: Which BMW Scanner Fits?","autophix-7910p-plus","AUTOPHIX 7910P+","B0DY7RJ1YP","available_alternative","Available AUTOPHIX-side alternative","The supplied 7910P+ is an available successor on the AUTOPHIX side; it is not relabelled as the unavailable 7910 or Foxwell NT530.","https://www.autophix.com/product/7910","verified","/images/products/autophix-7910p-plus-category.svg","Category illustration by Chassis Signal.","site_owned","present_before_first_affiliate_unit","ready_for_live_activation"
"bimmercode-pricing","BimmerCode Pricing: Full Version, Platform, and Adapter Cost","obdlink-cx|obdlink-mx-plus","OBDLink CX | OBDLink MX+","B08NFLL3NT|B07JFRFJG6","supporting_equipment","Supporting equipment for this procedure","The article prices the BimmerCode working chain and explicitly identifies CX and MX+ as supported hardware paths.","https://www.obdlink.com/products/obdlink-cx/ | https://www.obdlink.com/products/obdlink-mxp/","verified","https://www.obdlink.com/wp-content/uploads/2020/11/0-main_image-202403.jpg | https://www.obdlink.com/wp-content/uploads/2020/07/main_2024.jpg","Product image: OBDLink. | Product image: OBDLink.","manufacturer_attributed_editorial|manufacturer_attributed_editorial","present_before_first_affiliate_unit","ready_for_live_activation"
"bimmercode-vs-carly","BimmerCode vs Carly: Which BMW/MINI Tool Fits Your Use Case?","obdlink-cx","OBDLink CX","B08NFLL3NT","compatible_interface","Compatible interface","OBDLink CX is the documented BimmerCode path and is not presented as Carly-compatible hardware.","https://www.obdlink.com/products/obdlink-cx/","verified","https://www.obdlink.com/wp-content/uploads/2020/11/0-main_image-202403.jpg","Product image: OBDLink.","manufacturer_attributed_editorial","present_before_first_affiliate_unit","ready_for_live_activation"
"bimmercode-vs-foxwell-nt530","BimmerCode vs Foxwell NT530: Coding App or Diagnostic Handheld?","obdlink-cx","OBDLink CX","B08NFLL3NT","compatible_interface","Compatible interface","OBDLink CX accurately represents the supported BimmerCode side; no unverified Foxwell listing renders.","https://www.obdlink.com/products/obdlink-cx/","verified","https://www.obdlink.com/wp-content/uploads/2020/11/0-main_image-202403.jpg","Product image: OBDLink.","manufacturer_attributed_editorial","present_before_first_affiliate_unit","ready_for_live_activation"
"bimmercode-vs-protool","BimmerCode vs ProTool: Coding App or BMW Toolset?","obdlink-cx","OBDLink CX","B08NFLL3NT","compatible_interface","Compatible interface","OBDLink CX is documented for BimmerCode and is shown only for that side, not as a ProTool adapter.","https://www.obdlink.com/products/obdlink-cx/","verified","https://www.obdlink.com/wp-content/uploads/2020/11/0-main_image-202403.jpg","Product image: OBDLink.","manufacturer_attributed_editorial","present_before_first_affiliate_unit","ready_for_live_activation"
"bimmerlink-adapter","BimmerLink Adapter Guide: Choose by Car, Phone, and Function","obdlink-cx|obdlink-mx-plus","OBDLink CX | OBDLink MX+","B08NFLL3NT|B07JFRFJG6","supporting_equipment","Supporting equipment for this procedure","CX is the focused exact BimmerLink adapter candidate; MX+ is the single broader-network alternative. Generic ENET is excluded.","https://www.obdlink.com/products/obdlink-cx/ | https://www.obdlink.com/products/obdlink-mxp/","verified","https://www.obdlink.com/wp-content/uploads/2020/11/0-main_image-202403.jpg | https://www.obdlink.com/wp-content/uploads/2020/07/main_2024.jpg","Product image: OBDLink. | Product image: OBDLink.","manufacturer_attributed_editorial|manufacturer_attributed_editorial","present_before_first_affiliate_unit","ready_for_live_activation"
"bimmerlink-pricing","BimmerLink Pricing: App, Add-On and Adapter Costs","obdlink-cx","OBDLink CX","B08NFLL3NT","supporting_equipment","Supporting equipment for this procedure","The article explicitly includes OBDLink CX as recommended equipment in the complete BimmerLink cost and compatibility chain.","https://www.obdlink.com/products/obdlink-cx/","verified","https://www.obdlink.com/wp-content/uploads/2020/11/0-main_image-202403.jpg","Product image: OBDLink.","manufacturer_attributed_editorial","present_before_first_affiliate_unit","ready_for_live_activation"
"bimmerlink-vs-carly","BimmerLink vs Carly: Which BMW Tool Fits Your Actual Job?","obdlink-cx","OBDLink CX","B08NFLL3NT","compatible_interface","Compatible interface","OBDLink documents CX for BimmerLink; the card makes no Carly compatibility claim.","https://www.obdlink.com/products/obdlink-cx/","verified","https://www.obdlink.com/wp-content/uploads/2020/11/0-main_image-202403.jpg","Product image: OBDLink.","manufacturer_attributed_editorial","present_before_first_affiliate_unit","ready_for_live_activation"
"bimmerlink-vs-foxwell-nt530","BimmerLink vs Foxwell NT530: Phone App or BMW Handheld?","obdlink-cx","OBDLink CX","B08NFLL3NT","compatible_interface","Compatible interface","OBDLink CX represents the documented BimmerLink route; the unavailable Foxwell side is not mismatched.","https://www.obdlink.com/products/obdlink-cx/","verified","https://www.obdlink.com/wp-content/uploads/2020/11/0-main_image-202403.jpg","Product image: OBDLink.","manufacturer_attributed_editorial","present_before_first_affiliate_unit","ready_for_live_activation"
"bimmerlink-vs-protool","BimmerLink vs ProTool: Focused Diagnostics or Full Toolset?","obdlink-cx","OBDLink CX","B08NFLL3NT","compatible_interface","Compatible interface","OBDLink CX is shown only as the documented BimmerLink interface, with no ProTool compatibility claim.","https://www.obdlink.com/products/obdlink-cx/","verified","https://www.obdlink.com/wp-content/uploads/2020/11/0-main_image-202403.jpg","Product image: OBDLink.","manufacturer_attributed_editorial","present_before_first_affiliate_unit","ready_for_live_activation"
"bmw-battery-drain-diagnostic-tool","BMW Battery Drain Diagnostic Tool: Build the Evidence Before Pulling Fuses","fluke-88v","Fluke 88V Deluxe Automotive Multimeter","B005T5G38E","supporting_equipment","Supporting equipment for this procedure","Fluke documents the exact automotive meter and a parasitic-drain workflow; its current resolution and protected measurement ranges directly support the article evidence process.","https://www.fluke.com/en-us/product/electrical-testing/digital-multimeters/fluke-88v-a-kit","verified","https://media.fluke.com/e61fff20-72b2-4d46-882c-b108006a5364_original__size.jpg","Product image: Fluke.","manufacturer_attributed_editorial","present_before_first_affiliate_unit","ready_for_live_activation"
"bmw-battery-registration-scanner","BMW Battery Registration Scanner: Choose the Right Tool Before You Buy","obdlink-cx","OBDLink CX","B08NFLL3NT","compatible_interface","Compatible interface","The article develops the BimmerLink registration route and OBDLink documents CX as compatible equipment, subject to vehicle support.","https://www.obdlink.com/products/obdlink-cx/","verified","https://www.obdlink.com/wp-content/uploads/2020/11/0-main_image-202403.jpg","Product image: OBDLink.","manufacturer_attributed_editorial","present_before_first_affiliate_unit","ready_for_live_activation"
"bmw-bidirectional-scan-tool-functions","BMW Bidirectional Scan Tools: Buy the Function, Not the Label","autel-mk900-bt","Autel MaxiCOM MK900-BT","B07PGYY8SS","workshop_alternative","Available bidirectional workshop alternative","Verified MK900-BT is an accurately named 900-tier bidirectional platform; exact BMW functions require Autel coverage checks.","https://store.autel.com/products/maxicom-mk900bt","verified","https://cdn.shopify.com/s/files/1/0502/1722/2337/files/MK900-BT_03_1.png?v=1732093424","Product image: Autel.","manufacturer_attributed_editorial","present_before_first_affiliate_unit","ready_for_live_activation"
"bmw-brake-bleed-scan-tool","BMW Brake Bleed Scan Tool: Hydraulic Bleeding vs ABS Service Functions","autel-md909-pro","Autel MaxiDiag MD909 Pro","B0FMRPF7W1","exact_product","Exact product discussed","Autel names Brake Bleeding as a supported MD909 Pro service function; the article and mapping retain the requirement to confirm the exact BMW in Autel coverage before purchase.","https://store.autel.com/products/maxidiag-md909-pro","verified","https://cdn.shopify.com/s/files/1/0502/1722/2337/files/MD909_Pro-1.webp?v=1759990593","Product image: Autel.","manufacturer_attributed_editorial","present_before_first_affiliate_unit","ready_for_live_activation"
"bmw-code-reader-vs-scan-tool","BMW Code Reader vs Scan Tool: What Each Level Can Actually Do","obdlink-cx|autel-ds808s-bt","OBDLink CX | Autel MaxiDAS DS808S-BT","B08NFLL3NT|B0FCSB14KN","exact_product","Products discussed in this guide","CX represents the adapter/app route and accurately named DS808S-BT represents the full tablet route.","https://www.obdlink.com/products/obdlink-cx/ | https://store.autel.com/products/maxidas-ds808s-bt","verified","https://www.obdlink.com/wp-content/uploads/2020/11/0-main_image-202403.jpg | https://cdn.shopify.com/s/files/1/0502/1722/2337/files/DS808S-BT-1_563383d0-d054-43bf-9a02-771b111bd2df.png?v=1703493137","Product image: OBDLink. | Product image: Autel.","manufacturer_attributed_editorial|manufacturer_attributed_editorial","present_before_first_affiliate_unit","ready_for_live_activation"
"bmw-coding-vs-programming","BMW Coding vs Programming: What Changes, Which Tool Fits, and When to Stop","schumacher-inc100","Schumacher Electric INC100","B0756NVGHV","supporting_equipment","Supporting equipment for this procedure","BMW requires external power support for programming and Schumacher documents INC100 for stable ECU reprogramming and diagnostic power; it supports the workflow without pretending to be a coding interface.","https://www.schumacherelectric.com/products/100a-flash-reprogrammer-power-supply-with-battery-support/","verified","https://cdn.schumacherelectric.com/wp-content/uploads/2021/07/INC100_US_Can_image__14240.1630477954.1280.1280.webp","Product image: Schumacher Electric.","manufacturer_attributed_editorial","present_before_first_affiliate_unit","ready_for_live_activation"
"bmw-diagnostic-software-windows","BMW Diagnostic Software for Windows 10 and 11: Choose the Stack, Not a Download Bundle","schumacher-inc100","Schumacher Electric INC100","B0756NVGHV","supporting_equipment","Supporting equipment for this procedure","The article includes programming infrastructure, BMW requires an external power supply for programming, and Schumacher documents INC100 for ECU reprogramming and diagnostic support.","https://www.schumacherelectric.com/products/100a-flash-reprogrammer-power-supply-with-battery-support/","verified","https://cdn.schumacherelectric.com/wp-content/uploads/2021/07/INC100_US_Can_image__14240.1630477954.1280.1280.webp","Product image: Schumacher Electric.","manufacturer_attributed_editorial","present_before_first_affiliate_unit","ready_for_live_activation"
"bmw-electric-parking-brake-service-mode-scanner","BMW Electric Parking Brake Service Mode Scanner: Identify the Brake System First","autel-md909-pro","Autel MaxiDiag MD909 Pro","B0FMRPF7W1","exact_product","Exact product discussed","Autel documents EPB and parking-brake pad relearn on the exact MD909 Pro; buyers must still confirm their BMW, model year and market in the coverage database.","https://store.autel.com/products/maxidiag-md909-pro","verified","https://cdn.shopify.com/s/files/1/0502/1722/2337/files/MD909_Pro-1.webp?v=1759990593","Product image: Autel.","manufacturer_attributed_editorial","present_before_first_affiliate_unit","ready_for_live_activation"
"bmw-electronic-water-pump-diagnostic-tool","BMW Electronic Water-Pump Diagnostic Tool: Test the Command Path Before Replacing Parts","innova-5610-bundle","Innova 5610 + 3380 bundle","B0F64263Y8","available_alternative","Available scanner with documented coolant-bleed support","Innova documents coolant bleeding among 5610 functions and requires vehicle checks; the verified listing is the 5610 plus 3380 bundle.","https://www.innova.com/collections/innova-obd2-scanners/products/carscan-pro-5610","verified","/images/products/innova-5610-bundle-category.svg","Category illustration by Chassis Signal.","site_owned","present_before_first_affiliate_unit","ready_for_live_activation"
"bmw-enet-vs-bluetooth-obd","BMW ENET vs Bluetooth OBD: Choose the Right Connection Path","obdlink-cx","OBDLink CX","B08NFLL3NT","compatible_interface","Compatible interface","CX is the exact Bluetooth side and is not described as ENET hardware.","https://www.obdlink.com/products/obdlink-cx/","verified","https://www.obdlink.com/wp-content/uploads/2020/11/0-main_image-202403.jpg","Product image: OBDLink.","manufacturer_attributed_editorial","present_before_first_affiliate_unit","ready_for_live_activation"
"bmw-f-series-vs-g-series-obd-adapter","BMW F Series vs G Series OBD Adapter: Choose by App and Interface","obdlink-cx","OBDLink CX","B08NFLL3NT","compatible_interface","Compatible interface","BimmerCode lists CX across supported BMW series; the app and exact vehicle matrix still controls compatibility.","https://www.obdlink.com/products/obdlink-cx/","verified","https://www.obdlink.com/wp-content/uploads/2020/11/0-main_image-202403.jpg","Product image: OBDLink.","manufacturer_attributed_editorial","present_before_first_affiliate_unit","ready_for_live_activation"
"bmw-frm-module-diagnostic-tool","BMW FRM Module Diagnostic Tool: Separate a Fault From a Repair Job","fluke-88v","Fluke 88V Deluxe Automotive Multimeter","B005T5G38E","supporting_equipment","Supporting equipment for this procedure","The article requires power, ground and circuit evidence; the Fluke kit supports those checks without claiming FRM access.","https://www.fluke.com/en-us/product/electrical-testing/digital-multimeters/fluke-88v-a-kit","verified","https://media.fluke.com/e61fff20-72b2-4d46-882c-b108006a5364_original__size.jpg","Product image: Fluke.","manufacturer_attributed_editorial","present_before_first_affiliate_unit","ready_for_live_activation"
"bmw-icom-vs-enet","BMW ICOM vs ENET: Workshop Interface or App-Specific Ethernet Cable?","schumacher-inc100","Schumacher Electric INC100","B0756NVGHV","supporting_equipment","Supporting equipment for this procedure","INC100 supports stable power for programming-risk workflows and is not presented as ICOM or ENET hardware.","https://www.schumacherelectric.com/products/100a-flash-reprogrammer-power-supply-with-battery-support/","verified","https://cdn.schumacherelectric.com/wp-content/uploads/2021/07/INC100_US_Can_image__14240.1630477954.1280.1280.webp","Product image: Schumacher Electric.","manufacturer_attributed_editorial","present_before_first_affiliate_unit","ready_for_live_activation"
"bmw-icom-vs-k-dcan","BMW ICOM vs K+DCAN: Choose by Vehicle, Software and Risk","schumacher-inc100","Schumacher Electric INC100","B0756NVGHV","supporting_equipment","Supporting equipment for this procedure","INC100 is relevant programming support equipment, not ICOM or K+DCAN hardware.","https://www.schumacherelectric.com/products/100a-flash-reprogrammer-power-supply-with-battery-support/","verified","https://cdn.schumacherelectric.com/wp-content/uploads/2021/07/INC100_US_Can_image__14240.1630477954.1280.1280.webp","Product image: Schumacher Electric.","manufacturer_attributed_editorial","present_before_first_affiliate_unit","ready_for_live_activation"
"bmw-injector-coding-tool","BMW Injector Coding Tool: Does Your Engine Need Code Entry?","autel-md909-pro","Autel MaxiDiag MD909 Pro","B0FMRPF7W1","exact_product","Exact product discussed","Autel documents an Injector service function on the exact MD909 Pro; the recommendation remains conditional on an exact BMW coverage result for the engine and market.","https://store.autel.com/products/maxidiag-md909-pro","verified","https://cdn.shopify.com/s/files/1/0502/1722/2337/files/MD909_Pro-1.webp?v=1759990593","Product image: Autel.","manufacturer_attributed_editorial","present_before_first_affiliate_unit","ready_for_live_activation"
"bmw-no-communication-with-obd-scanner","BMW No Communication With an OBD Scanner: Find the Broken Layer","fluke-88v","Fluke 88V Deluxe Automotive Multimeter","B005T5G38E","supporting_equipment","Supporting equipment for this procedure","The diagnostic sequence requires voltage, continuity and resistance evidence at power, ground and network points; Fluke documents those exact automotive measurement capabilities on the 88V.","https://www.fluke.com/en-us/product/electrical-testing/digital-multimeters/fluke-88v-a-kit","verified","https://media.fluke.com/e61fff20-72b2-4d46-882c-b108006a5364_original__size.jpg","Product image: Fluke.","manufacturer_attributed_editorial","present_before_first_affiliate_unit","ready_for_live_activation"
"bmw-ride-height-calibration-scan-tool","BMW Ride-Height Calibration Scan Tool: Match the Suspension Before the Menu","autel-maxisys-ultra","Autel MaxiSYS Ultra","B0936PQ6Y8","workshop_alternative","Available workshop calibration platform","Autel documents suspension calibration on standard MaxiSYS Ultra; exact BMW coverage remains mandatory.","https://store.autel.com/products/autel-maxisys-ultra","verified","https://cdn.shopify.com/s/files/1/0502/1722/2337/files/MS_ULTRA.webp?v=1756108736","Product image: Autel.","manufacturer_attributed_editorial","present_before_first_affiliate_unit","ready_for_live_activation"
"bmw-scanner-abs-airbag-codes","How to Choose a BMW Scanner for ABS and Airbag Codes","autel-mx900","Autel MaxiCheck MX900","B09JFXPYKL","exact_product","Available all-system scanner discussed","The body identifies MX900 as the broader all-system route; vehicle-level coverage checks remain.","https://store.autel.com/products/maxicheck-mx900","verified","https://cdn.shopify.com/s/files/1/0502/1722/2337/files/MX900-01.png?v=1700740055","Product image: Autel.","manufacturer_attributed_editorial","present_before_first_affiliate_unit","ready_for_live_activation"
"bmw-scanner-for-used-car-inspection","BMW Scanner for a Used-Car Inspection: What to Capture Before You Buy","autel-ds808s-bt","Autel MaxiDAS DS808S-BT","B0FCSB14KN","exact_product","Exact product discussed","Accurately named DS808S-BT supports the all-system scan, live-data and report workflow developed by the guide.","https://store.autel.com/products/maxidas-ds808s-bt","verified","https://cdn.shopify.com/s/files/1/0502/1722/2337/files/DS808S-BT-1_563383d0-d054-43bf-9a02-771b111bd2df.png?v=1703493137","Product image: Autel.","manufacturer_attributed_editorial","present_before_first_affiliate_unit","ready_for_live_activation"
"bmw-scanner-without-subscription","BMW Scanner Without a Subscription: Buy the Entitlement, Not the Label","innova-5610-bundle","Innova 5610 + 3380 bundle","B0F64263Y8","available_alternative","Available no-subscription scanner alternative","Innova documents free updates and no subscription for 5610; the listing is accurately identified as the 5610 plus 3380 bundle.","https://www.innova.com/collections/innova-obd2-scanners/products/carscan-pro-5610","verified","/images/products/innova-5610-bundle-category.svg","Category illustration by Chassis Signal.","site_owned","present_before_first_affiliate_unit","ready_for_live_activation"
"bmw-service-reset-tool","BMW Service Reset Tool Guide: Dashboard Reset or Scanner?","obdlink-cx","OBDLink CX","B08NFLL3NT","compatible_interface","Compatible interface","CX is documented for the BimmerLink service route; exact BMW and service support must be checked.","https://www.obdlink.com/products/obdlink-cx/","verified","https://www.obdlink.com/wp-content/uploads/2020/11/0-main_image-202403.jpg","Product image: OBDLink.","manufacturer_attributed_editorial","present_before_first_affiliate_unit","ready_for_live_activation"
"bmw-steering-angle-sensor-calibration-tool","BMW Steering Angle Sensor Calibration: When the Tool Is Actually Needed","autel-mx808s","Autel MaxiCheck MX808S","B08ML7T7KZ","available_alternative","Available SAS-capable scanner alternative","Autel documents SAS service on exact MX808S; this does not extend the function to an unverified BMW.","https://store.autel.com/products/autel-maxicheck-mx808","verified","https://cdn.shopify.com/s/files/1/0502/1722/2337/files/MX808S-01.png?v=1700467537","Product image: Autel.","manufacturer_attributed_editorial","present_before_first_affiliate_unit","ready_for_live_activation"
"bmw-tpms-diagnostic-tool","BMW TPMS Tools: Diagnosis, Activation, Relearn and Programming Are Different","autel-mx808s|autel-mx808s-ts","Autel MaxiCheck MX808S | Autel MaxiCheck MX808S-TS","B08ML7T7KZ|B09QX69JQW","exact_product","Products discussed in this guide","Accurately named MX808S and MX808S-TS preserve the diagnostic-versus-TPMS programming distinction.","https://store.autel.com/products/autel-maxicheck-mx808 | https://store.autel.com/products/maxicheck-mx808s-ts","verified","https://cdn.shopify.com/s/files/1/0502/1722/2337/files/MX808S-01.png?v=1700467537 | https://cdn.shopify.com/s/files/1/0502/1722/2337/files/MX808S-TS-01.webp?v=1756181128","Product image: Autel. | Product image: Autel.","manufacturer_attributed_editorial|manufacturer_attributed_editorial","present_before_first_affiliate_unit","ready_for_live_activation"
"bmw-transfer-case-adaptation-reset-tool","BMW Transfer Case Adaptation Reset Tool: Reset, Calibrate, or Diagnose?","autel-maxisys-ultra","Autel MaxiSYS Ultra","B0936PQ6Y8","workshop_alternative","Available workshop diagnostic alternative","MaxiSYS Ultra is a workshop platform for pre/post checks without claiming an unverified BMW VTG reset.","https://store.autel.com/products/autel-maxisys-ultra","verified","https://cdn.shopify.com/s/files/1/0502/1722/2337/files/MS_ULTRA.webp?v=1756108736","Product image: Autel.","manufacturer_attributed_editorial","present_before_first_affiliate_unit","ready_for_live_activation"
"carly-subscription-cost","Carly Subscription Cost: Price Variables, Renewal, and Ownership Math","obdlink-cx","OBDLink CX","B08NFLL3NT","available_alternative","Alternative BMW app route","With Carly hardware unavailable, CX is shown only as an alternative BMW app route, never as Carly-compatible.","https://www.obdlink.com/products/obdlink-cx/","verified","https://www.obdlink.com/wp-content/uploads/2020/11/0-main_image-202403.jpg","Product image: OBDLink.","manufacturer_attributed_editorial","present_before_first_affiliate_unit","ready_for_live_activation"
"carly-vs-foxwell-nt530","Carly vs Foxwell NT530: Subscription App or Dedicated Scanner?","autophix-7910p-plus","AUTOPHIX 7910P+","B0DY7RJ1YP","available_alternative","Available BMW scanner alternative","Neither named side has an approved listing; 7910P+ is a clearly separated BMW-scanner alternative.","https://www.autophix.com/product/7910","verified","/images/products/autophix-7910p-plus-category.svg","Category illustration by Chassis Signal.","site_owned","present_before_first_affiliate_unit","ready_for_live_activation"
"creator-c310-plus-vs-foxwell-nt530","Creator C310+ vs Foxwell NT530: Which BMW Handheld Fits?","creator-c310-plus","Creator C310+","B00VSYZ2NC","exact_product","Exact product discussed","Creator C310+ is the exact available side; no unverified Foxwell listing is substituted.","https://forobd2tool.com/wp-content/download/Creator%20C310%2B/c310_manual.pdf","verified","/images/products/creator-c310-plus-category.svg","Category illustration by Chassis Signal.","site_owned","present_before_first_affiliate_unit","ready_for_live_activation"
"foxwell-nt530-vs-autel-mk808s-bmw","Foxwell NT530 Plus vs Autel MK808S for BMW: Handheld Focus or Tablet Breadth?","autel-mx808s","Autel MaxiCheck MX808S","B08ML7T7KZ","available_alternative","Available Autel-side alternative","The available Autel listing is accurately named MX808S, not MK808S, with no Foxwell substitution.","https://store.autel.com/products/autel-maxicheck-mx808","verified","https://cdn.shopify.com/s/files/1/0502/1722/2337/files/MX808S-01.png?v=1700467537","Product image: Autel.","manufacturer_attributed_editorial","present_before_first_affiliate_unit","ready_for_live_activation"
"foxwell-nt530-vs-nt710","Foxwell NT530 vs NT710: Hardware, Coverage and Update Model","autophix-7910p-plus","AUTOPHIX 7910P+","B0DY7RJ1YP","available_alternative","Available BMW scanner alternative","Rejected GM NT710 and unverified NT530 listings are excluded; 7910P+ is labelled as an available BMW-scanner alternative.","https://www.autophix.com/product/7910","verified","/images/products/autophix-7910p-plus-category.svg","Category illustration by Chassis Signal.","site_owned","present_before_first_affiliate_unit","ready_for_live_activation"
"ista-valvetronic-relearn","ISTA Valvetronic Relearn: Qualify the Teach-In Before Running It","schumacher-inc100","Schumacher Electric INC100","B0756NVGHV","supporting_equipment","Supporting equipment for this procedure","The article requires stable power when the BMW procedure calls for it, and Schumacher documents INC100 as a stable diagnostic and ECU-reprogramming power supply; it is supporting equipment, not a claimed relearn interface.","https://www.schumacherelectric.com/products/100a-flash-reprogrammer-power-supply-with-battery-support/","verified","https://cdn.schumacherelectric.com/wp-content/uploads/2021/07/INC100_US_Can_image__14240.1630477954.1280.1280.webp","Product image: Schumacher Electric.","manufacturer_attributed_editorial","present_before_first_affiliate_unit","ready_for_live_activation"
"ista-vs-bimmerlink","ISTA vs BimmerLink: Workshop Diagnosis or Owner App?","obdlink-cx","OBDLink CX","B08NFLL3NT","compatible_interface","Compatible interface","CX is the documented BimmerLink side and is not presented as an ISTA interface or ICOM replacement.","https://www.obdlink.com/products/obdlink-cx/","verified","https://www.obdlink.com/wp-content/uploads/2020/11/0-main_image-202403.jpg","Product image: OBDLink.","manufacturer_attributed_editorial","present_before_first_affiliate_unit","ready_for_live_activation"
"k-dcan-vs-enet-cable","K+DCAN vs ENET Cable: BMW Interface Boundaries","schumacher-inc100","Schumacher Electric INC100","B0756NVGHV","supporting_equipment","Supporting equipment for this procedure","Generic cables remain unlinked; INC100 is supporting power for coding/programming, not a cable substitute.","https://www.schumacherelectric.com/products/100a-flash-reprogrammer-power-supply-with-battery-support/","verified","https://cdn.schumacherelectric.com/wp-content/uploads/2021/07/INC100_US_Can_image__14240.1630477954.1280.1280.webp","Product image: Schumacher Electric.","manufacturer_attributed_editorial","present_before_first_affiliate_unit","ready_for_live_activation"
"launch-x431-bmw","Launch X431 for BMW: Model, Coverage, Subscription, and Programming Boundaries","launch-creader-elite-bmw-v2|launch-x431-pro3s-plus","LAUNCH Creader Elite V2.0 for BMW | LAUNCH X-431 PRO3S+","B0F4QHR93X|B0D7VS8SHS","available_alternative","Available LAUNCH diagnostic routes","Accurately named LAUNCH products represent the BMW-focused and professional routes developed in the guide.","https://en.cnlaunch.com/products-detail/i-281.html | https://en.cnlaunch.com/products-detail/i-314.html","verified","https://en.cnlaunch.com/tmp/thumbnail/471dd1b53e02f1185515d4dd9fdc7bea.580x580.0.png | https://en.cnlaunch.com/tmp/thumbnail/24808de824a0dd09ac1964c583c60406.580x580.0.png","Product image: LAUNCH. | Product image: LAUNCH.","manufacturer_attributed_editorial|manufacturer_attributed_editorial","present_before_first_affiliate_unit","ready_for_live_activation"
"launch-x431-vs-autel-for-bmw","Launch X-431 vs Autel for BMW: Match the Exact Shop Platform to the Job","launch-x431-pro3s-plus|autel-maxisys-ultra","LAUNCH X-431 PRO3S+ | Autel MaxiSYS Ultra","B0D7VS8SHS|B0936PQ6Y8","workshop_alternative","Available workshop alternatives","Verified platforms accurately represent LAUNCH and Autel workshop alternatives without unavailable model names.","https://en.cnlaunch.com/products-detail/i-314.html | https://store.autel.com/products/autel-maxisys-ultra","verified","https://en.cnlaunch.com/tmp/thumbnail/24808de824a0dd09ac1964c583c60406.580x580.0.png | https://cdn.shopify.com/s/files/1/0502/1722/2337/files/MS_ULTRA.webp?v=1756108736","Product image: LAUNCH. | Product image: Autel.","manufacturer_attributed_editorial|manufacturer_attributed_editorial","present_before_first_affiliate_unit","ready_for_live_activation"
"mini-diagnostic-app","MINI Diagnostic App: Choose by Diagnosis, Service, and Adapter Fit","obdlink-cx","OBDLink CX","B08NFLL3NT","compatible_interface","Compatible interface","CX is documented for BimmerCode and BimmerLink; MINI, app and feature support still require publisher checks.","https://www.obdlink.com/products/obdlink-cx/","verified","https://www.obdlink.com/wp-content/uploads/2020/11/0-main_image-202403.jpg","Product image: OBDLink.","manufacturer_attributed_editorial","present_before_first_affiliate_unit","ready_for_live_activation"
"obd-app-vs-handheld-scanner","OBD App vs Handheld Scanner: Which Tool Architecture Fits?","obdlink-cx|autel-mx808s","OBDLink CX | Autel MaxiCheck MX808S","B08NFLL3NT|B08ML7T7KZ","exact_product","Products discussed in this guide","Exact CX and accurately named MX808S represent the app and tablet architectures.","https://www.obdlink.com/products/obdlink-cx/ | https://store.autel.com/products/autel-maxicheck-mx808","verified","https://www.obdlink.com/wp-content/uploads/2020/11/0-main_image-202403.jpg | https://cdn.shopify.com/s/files/1/0502/1722/2337/files/MX808S-01.png?v=1700467537","Product image: OBDLink. | Product image: Autel.","manufacturer_attributed_editorial|manufacturer_attributed_editorial","present_before_first_affiliate_unit","ready_for_live_activation"
"obdlink-cx-vs-lx","OBDLink CX vs LX: BLE for iPhone or Classic Bluetooth?","obdlink-cx|obdlink-lx","OBDLink CX | OBDLink LX","B08NFLL3NT|B00H9S71LW","exact_product","Products discussed in this guide","The mapping already contains exactly the two named OBDLink products.","https://www.obdlink.com/products/obdlink-cx/ | https://www.obdlink.com/products/obdlink-lx/","verified","https://www.obdlink.com/wp-content/uploads/2020/11/0-main_image-202403.jpg | https://www.obdlink.com/wp-content/uploads/2013/09/lx_store.png","Product image: OBDLink. | Product image: OBDLink.","manufacturer_attributed_editorial|manufacturer_attributed_editorial","present_before_first_affiliate_unit","ready_for_live_activation"
"obdlink-cx-vs-mx-plus","OBDLink CX vs MX+: Match the Adapter to Your Car and Apps","obdlink-cx|obdlink-mx-plus","OBDLink CX | OBDLink MX+","B08NFLL3NT|B07JFRFJG6","exact_product","Products discussed in this guide","Keep the two named products primary and remove incidental adapter alternatives.","https://www.obdlink.com/products/obdlink-cx/ | https://www.obdlink.com/products/obdlink-mxp/","verified","https://www.obdlink.com/wp-content/uploads/2020/11/0-main_image-202403.jpg | https://www.obdlink.com/wp-content/uploads/2020/07/main_2024.jpg","Product image: OBDLink. | Product image: OBDLink.","manufacturer_attributed_editorial|manufacturer_attributed_editorial","present_before_first_affiliate_unit","ready_for_live_activation"
"obdlink-cx-vs-vlinker-bm-plus","OBDLink CX vs vLinker BM+: Choose by App and Vehicle","obdlink-cx|vlinker-bm-plus","OBDLink CX | Vgate vLinker BM+","B08NFLL3NT|B0B28KS5T2","exact_product","Products discussed in this guide","The mapping already contains exactly the two named adapter products.","https://www.obdlink.com/products/obdlink-cx/ | https://www.vgatemall.com/products-detail/i-15/","verified","https://www.obdlink.com/wp-content/uploads/2020/11/0-main_image-202403.jpg | https://www.vgatemall.com/u_file/fileUpload/2022-11/09/2022110910486.jpg","Product image: OBDLink. | Product image: Vgate.","manufacturer_attributed_editorial|manufacturer_attributed_editorial","present_before_first_affiliate_unit","ready_for_live_activation"
"obdlink-cx-vs-vlinker-mc-plus","OBDLink CX vs vLinker MC+: Pick the Exact App Path","obdlink-cx|vlinker-mc-plus","OBDLink CX | Vgate vLinker MC+","B08NFLL3NT|B0CZCGXZVR","exact_product","Products discussed in this guide","Use the exact two named adapters; vLinker BM+ is only adjacent comparison context.","https://www.obdlink.com/products/obdlink-cx/ | https://www.vgatemall.com/products-detail/i-5/","verified","https://www.obdlink.com/wp-content/uploads/2020/11/0-main_image-202403.jpg | https://www.vgatemall.com/u_file/fileUpload/2022-11/08/2022110829805.jpg","Product image: OBDLink. | Product image: Vgate.","manufacturer_attributed_editorial|manufacturer_attributed_editorial","present_before_first_affiliate_unit","ready_for_live_activation"
"obdlink-ex-vs-enet-cable","OBDLink EX vs ENET Cable: USB Diagnostics or Ethernet Session?","obdlink-ex","OBDLink EX","B081VQVD3F","exact_product","Exact OBDLink EX product discussed - not a BMW ENET interface","EX is the exact product discussed, with a warning that it is FORScan/Ford-oriented and not BMW ENET.","https://www.obdlink.com/products/obdlink-ex/","verified","https://www.obdlink.com/wp-content/uploads/2020/07/ex_store_image_sm.webp","Product image: OBDLink.","manufacturer_attributed_editorial","present_before_first_affiliate_unit","ready_for_live_activation"
"obdlink-mx-plus-vs-lx","OBDLink MX+ vs LX: Choose by Platform and Vehicle Network","obdlink-mx-plus|obdlink-lx","OBDLink MX+ | OBDLink LX","B07JFRFJG6|B00H9S71LW","exact_product","Products discussed in this guide","Use the exact two named OBDLink models and remove CX/MC+ contextual mentions.","https://www.obdlink.com/products/obdlink-mxp/ | https://www.obdlink.com/products/obdlink-lx/","verified","https://www.obdlink.com/wp-content/uploads/2020/07/main_2024.jpg | https://www.obdlink.com/wp-content/uploads/2013/09/lx_store.png","Product image: OBDLink. | Product image: OBDLink.","manufacturer_attributed_editorial|manufacturer_attributed_editorial","present_before_first_affiliate_unit","ready_for_live_activation"
"obdlink-mx-plus-vs-vlinker-bm-plus","OBDLink MX+ vs vLinker BM+: Broad Networks or BMW Focus?","obdlink-mx-plus|vlinker-bm-plus","OBDLink MX+ | Vgate vLinker BM+","B07JFRFJG6|B0B28KS5T2","exact_product","Products discussed in this guide","The mapping already contains exactly the two named adapter products.","https://www.obdlink.com/products/obdlink-mxp/ | https://www.vgatemall.com/products-detail/i-15/","verified","https://www.obdlink.com/wp-content/uploads/2020/07/main_2024.jpg | https://www.vgatemall.com/u_file/fileUpload/2022-11/09/2022110910486.jpg","Product image: OBDLink. | Product image: Vgate.","manufacturer_attributed_editorial|manufacturer_attributed_editorial","present_before_first_affiliate_unit","ready_for_live_activation"
"protool-pricing","ProTool Pricing: License Costs, Adapter Price & Total Setup Cost","obdlink-cx","OBDLink CX","B08NFLL3NT","available_alternative","Alternative BMW app interface","With ProTool hardware unavailable, CX is only a labelled alternative BMW app interface for a different supported route.","https://www.obdlink.com/products/obdlink-cx/","verified","https://www.obdlink.com/wp-content/uploads/2020/11/0-main_image-202403.jpg","Product image: OBDLink.","manufacturer_attributed_editorial","present_before_first_affiliate_unit","ready_for_live_activation"
"protool-vs-carly","ProTool vs Carly: Which BMW App Fits Your Ownership Plan?","obdlink-cx","OBDLink CX","B08NFLL3NT","available_alternative","Alternative BMW app route","CX is a distinct alternative BMW app route and is not claimed compatible with ProTool or Carly.","https://www.obdlink.com/products/obdlink-cx/","verified","https://www.obdlink.com/wp-content/uploads/2020/11/0-main_image-202403.jpg","Product image: OBDLink.","manufacturer_attributed_editorial","present_before_first_affiliate_unit","ready_for_live_activation"
"protool-vs-ista","ProTool vs ISTA: Which BMW Workflow Fits the Job?","schumacher-inc100","Schumacher Electric INC100","B0756NVGHV","supporting_equipment","Supporting equipment for this procedure","INC100 supports coding/programming power needs and is not presented as ProTool hardware or ISTA interface.","https://www.schumacherelectric.com/products/100a-flash-reprogrammer-power-supply-with-battery-support/","verified","https://cdn.schumacherelectric.com/wp-content/uploads/2021/07/INC100_US_Can_image__14240.1630477954.1280.1280.webp","Product image: Schumacher Electric.","manufacturer_attributed_editorial","present_before_first_affiliate_unit","ready_for_live_activation"
"vlinker-bm-plus-vs-mc-plus","vLinker BM+ vs MC+: Which Vgate Adapter Fits Your Apps?","vlinker-bm-plus|vlinker-mc-plus","Vgate vLinker BM+ | Vgate vLinker MC+","B0B28KS5T2|B0CZCGXZVR","exact_product","Products discussed in this guide","Use exactly the two named Vgate adapter models and remove unrelated OBDLink context.","https://www.vgatemall.com/products-detail/i-15/ | https://www.vgatemall.com/products-detail/i-5/","verified","https://www.vgatemall.com/u_file/fileUpload/2022-11/09/2022110910486.jpg | https://www.vgatemall.com/u_file/fileUpload/2022-11/08/2022110829805.jpg","Product image: Vgate. | Product image: Vgate.","manufacturer_attributed_editorial|manufacturer_attributed_editorial","present_before_first_affiliate_unit","ready_for_live_activation"
