"productKey","brand","model","exactSpecialLink","asin","linkSource","verifiedAt","verifiedBy","approvalStatus"
"ancel-bm700-pro","ANCEL","BM700 Pro","","","","","","candidate"
"autel-ds808s","Autel","DS808S","","","","","","candidate"
"autel-maxisys-ultra-s2","Autel","MaxiSys Ultra S2","","","","","","candidate"
"autel-md909-pro","Autel","MaxiDiag MD909 Pro","","","","","","candidate"
"autel-mk808s","Autel","MK808S","","","","","","candidate"
"autel-mk808s-ts","Autel","MK808S-TS","","","","","","candidate"
"autel-mk900","Autel","MaxiCOM MK900","","","","","","candidate"
"autel-mx900","Autel","MaxiCheck MX900","","","","","","candidate"
"autophix-7910","AUTOPHIX","7910","","","","","","candidate"
"carly-universal-scanner","Carly","Universal Scanner","","","","","","candidate"
"creator-c310-plus","Creator","C310+","","","","","","candidate"
"fluke-88v","Fluke","88V Deluxe Automotive Multimeter","","","","","","candidate"
"foxwell-nt530","Foxwell","NT530","","","","","","candidate"
"foxwell-nt530-plus","Foxwell","NT530 Plus","","","","","","candidate"
"foxwell-nt710","Foxwell","NT710","","","","","","candidate"
"innova-5610","Innova","5610","","","","","","candidate"
"launch-creader-elite-bmw","LAUNCH","Creader Elite BMW","","","","","","candidate"
"launch-creader-elite-x","LAUNCH","Creader Elite X","","","","","","candidate"
"launch-crp919-max","LAUNCH","CRP 919 MAX","","","","","","candidate"
"launch-x431-throttle-v","LAUNCH","X-431 Throttle V","","","","","","candidate"
"mhd-universal-wifi-adapter","MHD Tuning","Universal Wi-Fi Adapter","","","","","","candidate"
"obdlink-cx","OBDLink","CX","https://www.amazon.com/OBDLink-Bimmercode-Bluetooth-Adapter-Diagnostic/dp/B08NFLL3NT?crid=566E250D7AQ0&dib=eyJ2IjoiMSJ9.xcM2-TmxqB7vus0dsG3Bv-Fdc20LOh02jK4fdcoL7l8zqKsYoo54oRuImPrq1ANSRvoCSv610xGvceDPlF2f0-fyUeCAobQxnJxViy8z0TXZ99nGt7GTrr1GIUJEoWT3uTNWauoNVoimM4KvaHGXp70LQ05Ecsig8NCcxvUDPK8jphfZb8SlcOBCeRA51L3k.jzOLqhSkrMLxVI4ubHXehKw7ZiPrnvJIv_aUzPa1rZM&dib_tag=se&keywords=OBDLink+CX.&qid=1789209685&sprefix=%2Caps%2C435&sr=8-1&linkCode=ll2&tag=chassissignal-20&linkId=b76b57be049a23a88229433eb8118855&language=en_US&gaOptInStatus=false&optOutTS=1789210215324&ref_=as_li_ss_tl","B08NFLL3NT","sitestripe","2026-09-12T11:16:39.927Z","Muhammad Farhan","verified"
"obdlink-lx","OBDLink","LX","","","","","","candidate"
"obdlink-mx-plus","OBDLink","MX+","","","","","","candidate"
"schumacher-inc100","Schumacher Electric","INC100","","","","","","candidate"
"vlinker-bm-plus","Vgate","vLinker BM+","","","","","","candidate"
"vlinker-mc-plus","Vgate","vLinker MC+","","","","","","candidate"
